{"0": [[1, 0], 2, "{'(3, 5)': 0, '(1, 0)': 2, '(2, 5)': 0, '(2, 3)': 0}"], "1": [[1, 0], 1, "{'(3, 5)': 0, '(1, 0)': 2, '(2, 5)': 0, '(2, 3)': 0}"], "2": [[2, 0], 2, "{'(3, 5)': 0, '(1, 0)': 2, '(2, 5)': 0, '(2, 3)': 0}"], "3": [[2, 0], 1, "{'(3, 5)': 0, '(1, 0)': 2, '(2, 5)': 0, '(2, 3)': 0}"], "4": [[3, 0], 2, "{'(3, 5)': 0, '(1, 0)': 2, '(2, 5)': 0, '(2, 3)': 0}"], "5": [[3, 1], 1, "{'(3, 5)': 0, '(1, 0)': 2, '(2, 5)': 0, '(2, 3)': 0}"], "6": [[3, 1], 1, "{'(3, 5)': 0, '(1, 0)': 2, '(2, 5)': 0, '(2, 3)': 0}"], "7": [[2, 1], 3, "{'(3, 5)': 0, '(1, 0)': 2, '(2, 5)': 0, '(2, 3)': 0}"], "8": [[2, 2], 1, "{'(3, 5)': 0, '(1, 0)': 2, '(2, 5)': 0, '(2, 3)': 0}"], "9": [[2, 2], 1, "{'(3, 5)': 0, '(1, 0)': 2, '(2, 5)': 0, '(2, 3)': 0}"], "10": [[2, 2], 2, "{'(3, 5)': 0, '(1, 0)': 2, '(2, 5)': 0, '(2, 3)': 0}"], "11": [[1, 2], 3, "{'(3, 5)': 0, '(1, 0)': 2, '(2, 5)': 0, '(2, 3)': 0}"], "12": [[1, 2], 1, "{'(3, 5)': 0, '(1, 0)': 2, '(2, 5)': 0, '(2, 3)': 0}"], "13": [[1, 2], 3, "{'(3, 5)': 0, '(1, 0)': 2, '(2, 5)': 0, '(2, 3)': 0}"], "14": [[1, 1], 0, "{'(3, 5)': 0, '(1, 0)': 2, '(2, 5)': 0, '(2, 3)': 0}"], "15": [[0, 1], 3, "{'(3, 5)': 0, '(1, 0)': 2, '(2, 5)': 0, '(2, 3)': 0}"], "16": [[0, 2], 1, "{'(3, 5)': 0, '(1, 0)': 2, '(2, 5)': 0, '(2, 3)': 0}"], "17": [[0, 3], 1, "{'(3, 5)': 0, '(1, 0)': 2, '(2, 5)': 0, '(2, 3)': 0}"], "18": [[1, 3], 2, "{'(3, 5)': 0, '(1, 0)': 2, '(2, 5)': 0, '(2, 3)': 0}"], "19": [[2, 3], 2, "{'(3, 5)': 0, '(1, 0)': 2, '(2, 5)': 0, '(2, 3)': 2}"], "20": [[2, 3], 1, "{'(3, 5)': 0, '(1, 0)': 2, '(2, 5)': 0, '(2, 3)': 2}"], "21": [[3, 3], 2, "{'(3, 5)': 0, '(1, 0)': 2, '(2, 5)': 0, '(2, 3)': 2}"], "22": [[3, 3], 1, "{'(3, 5)': 0, '(1, 0)': 2, '(2, 5)': 0, '(2, 3)': 2}"], "23": [[3, 3], 2, "{'(3, 5)': 0, '(1, 0)': 2, '(2, 5)': 0, '(2, 3)': 2}"], "24": [[2, 3], 3, "{'(3, 5)': 0, '(1, 0)': 2, '(2, 5)': 0, '(2, 3)': 2}"], "25": [[1, 3], 3, "{'(3, 5)': 0, '(1, 0)': 2, '(2, 5)': 0, '(2, 3)': 2}"], "26": [[1, 3], 1, "{'(3, 5)': 0, '(1, 0)': 2, '(2, 5)': 0, '(2, 3)': 2}"], "27": [[0, 3], 3, "{'(3, 5)': 0, '(1, 0)': 2, '(2, 5)': 0, '(2, 3)': 2}"], "28": [[0, 4], 1, "{'(3, 5)': 0, '(1, 0)': 2, '(2, 5)': 0, '(2, 3)': 2}"], "29": [[0, 4], 2, "{'(3, 5)': 0, '(1, 0)': 2, '(2, 5)': 0, '(2, 3)': 2}"], "30": [[0, 5], 1, "{'(3, 5)': 0, '(1, 0)': 2, '(2, 5)': 0, '(2, 3)': 2}"], "31": [[1, 5], 2, "{'(3, 5)': 0, '(1, 0)': 2, '(2, 5)': 0, '(2, 3)': 2}"], "32": [[2, 5], 2, "{'(3, 5)': 0, '(1, 0)': 2, '(2, 5)': 0, '(2, 3)': 2}"], "33": [[2, 5], 2, "{'(3, 5)': 0, '(1, 0)': 2, '(2, 5)': 0, '(2, 3)': 2}"], "34": [[2, 4], 0, "{'(3, 5)': 0, '(1, 0)': 2, '(2, 5)': 0, '(2, 3)': 2}"], "35": [[2, 4], 2, "{'(3, 5)': 0, '(1, 0)': 2, '(2, 5)': 0, '(2, 3)': 2}"], "36": [[2, 5], 1, "{'(3, 5)': 0, '(1, 0)': 2, '(2, 5)': 0, '(2, 3)': 2}"], "37": [[2, 6], 1, "{'(3, 5)': 0, '(1, 0)': 2, '(2, 5)': 0, '(2, 3)': 2}"], "38": [[3, 6], 2, "{'(3, 5)': 0, '(1, 0)': 2, '(2, 5)': 0, '(2, 3)': 2}"], "39": [[3, 6], 0, "{'(3, 5)': 0, '(1, 0)': 2, '(2, 5)': 0, '(2, 3)': 2}"], "40": [[3, 6], 2, "{'(3, 5)': 0, '(1, 0)': 2, '(2, 5)': 0, '(2, 3)': 2}"], "41": [[3, 7], 1, "{'(3, 5)': 0, '(1, 0)': 2, '(2, 5)': 0, '(2, 3)': 2}"], "42": [[3, 7], 2, "{'(3, 5)': 0, '(1, 0)': 2, '(2, 5)': 0, '(2, 3)': 2}"], "43": [[3, 7], 1, "{'(3, 5)': 0, '(1, 0)': 2, '(2, 5)': 0, '(2, 3)': 2}"], "44": [[2, 7], 3, "{'(3, 5)': 0, '(1, 0)': 2, '(2, 5)': 0, '(2, 3)': 2}"], "45": [[2, 8], 1, "{'(3, 5)': 0, '(1, 0)': 2, '(2, 5)': 0, '(2, 3)': 2}"], "46": [[2, 8], 2, "{'(3, 5)': 0, '(1, 0)': 2, '(2, 5)': 0, '(2, 3)': 2}"], "47": [[2, 8], 1, "{'(3, 5)': 0, '(1, 0)': 2, '(2, 5)': 0, '(2, 3)': 2}"], "48": [[1, 8], 3, "{'(3, 5)': 0, '(1, 0)': 2, '(2, 5)': 0, '(2, 3)': 2}"], "49": [[1, 9], 1, "{'(3, 5)': 0, '(1, 0)': 2, '(2, 5)': 0, '(2, 3)': 2}"], "50": [[2, 9], 2, "{'(3, 5)': 0, '(1, 0)': 2, '(2, 5)': 0, '(2, 3)': 2}"], "51": [[2, 9], 2, "{'(3, 5)': 0, '(1, 0)': 2, '(2, 5)': 0, '(2, 3)': 2}"], "52": [[1, 9], 3, "{'(3, 5)': 0, '(1, 0)': 2, '(2, 5)': 0, '(2, 3)': 2}"], "53": [[1, 8], 0, "{'(3, 5)': 0, '(1, 0)': 2, '(2, 5)': 0, '(2, 3)': 2}"], "54": [[1, 8], 0, "{'(3, 5)': 0, '(1, 0)': 2, '(2, 5)': 0, '(2, 3)': 2}"], "55": [[2, 8], 2, "{'(3, 5)': 0, '(1, 0)': 2, '(2, 5)': 0, '(2, 3)': 2}"], "56": [[2, 7], 0, "{'(3, 5)': 0, '(1, 0)': 2, '(2, 5)': 0, '(2, 3)': 2}"], "57": [[2, 7], 0, "{'(3, 5)': 0, '(1, 0)': 2, '(2, 5)': 0, '(2, 3)': 2}"], "58": [[1, 7], 3, "{'(3, 5)': 0, '(1, 0)': 2, '(2, 5)': 0, '(2, 3)': 2}"], "59": [[1, 6], 0, "{'(3, 5)': 0, '(1, 0)': 2, '(2, 5)': 0, '(2, 3)': 2}"], "60": [[1, 6], 0, "{'(3, 5)': 0, '(1, 0)': 2, '(2, 5)': 0, '(2, 3)': 2}"], "61": [[1, 6], 3, "{'(3, 5)': 0, '(1, 0)': 2, '(2, 5)': 0, '(2, 3)': 2}"], "62": [[1, 6], 2, "{'(3, 5)': 0, '(1, 0)': 2, '(2, 5)': 0, '(2, 3)': 2}"], "63": [[1, 7], 1, "{'(3, 5)': 0, '(1, 0)': 2, '(2, 5)': 0, '(2, 3)': 2}"], "64": [[0, 7], 3, "{'(3, 5)': 0, '(1, 0)': 2, '(2, 5)': 0, '(2, 3)': 2}"], "65": [[0, 7], 0, "{'(3, 5)': 0, '(1, 0)': 2, '(2, 5)': 0, '(2, 3)': 2}"], "66": [[1, 7], 2, "{'(3, 5)': 0, '(1, 0)': 2, '(2, 5)': 0, '(2, 3)': 2}"], "67": [[2, 7], 2, "{'(3, 5)': 0, '(1, 0)': 2, '(2, 5)': 0, '(2, 3)': 2}"], "68": [[3, 7], 2, "{'(3, 5)': 0, '(1, 0)': 2, '(2, 5)': 0, '(2, 3)': 2}"], "69": [[3, 6], 0, "{'(3, 5)': 0, '(1, 0)': 2, '(2, 5)': 0, '(2, 3)': 2}"], "70": [[2, 6], 3, "{'(3, 5)': 0, '(1, 0)': 2, '(2, 5)': 0, '(2, 3)': 2}"], "71": [[2, 5], 0, "{'(3, 5)': 0, '(1, 0)': 2, '(2, 5)': 0, '(2, 3)': 2}"], "72": [[1, 5], 3, "{'(3, 5)': 0, '(1, 0)': 2, '(2, 5)': 0, '(2, 3)': 2}"], "73": [[0, 5], 3, "{'(3, 5)': 0, '(1, 0)': 2, '(2, 5)': 0, '(2, 3)': 2}"], "74": [[0, 4], 0, "{'(3, 5)': 0, '(1, 0)': 2, '(2, 5)': 0, '(2, 3)': 2}"], "75": [[0, 3], 0, "{'(3, 5)': 0, '(1, 0)': 2, '(2, 5)': 0, '(2, 3)': 2}"], "76": [[1, 3], 2, "{'(3, 5)': 0, '(1, 0)': 2, '(2, 5)': 0, '(2, 3)': 2}"], "77": [[2, 3], 2, "{'(3, 5)': 0, '(1, 0)': 2, '(2, 5)': 0, '(2, 3)': 2}"], "78": [[3, 3], 2, "{'(3, 5)': 0, '(1, 0)': 2, '(2, 5)': 0, '(2, 3)': 2}"], "79": [[3, 2], 0, "{'(3, 5)': 0, '(1, 0)': 2, '(2, 5)': 0, '(2, 3)': 2}"], "80": [[4, 2], 2, "{'(3, 5)': 0, '(1, 0)': 2, '(2, 5)': 0, '(2, 3)': 2}"], "81": [[4, 3], 1, "{'(3, 5)': 0, '(1, 0)': 2, '(2, 5)': 0, '(2, 3)': 2}"], "82": [[4, 4], 1, "{'(3, 5)': 0, '(1, 0)': 2, '(2, 5)': 0, '(2, 3)': 2}"], "83": [[4, 4], 1, "{'(3, 5)': 0, '(1, 0)': 2, '(2, 5)': 0, '(2, 3)': 2}"], "84": [[3, 4], 3, "{'(3, 5)': 0, '(1, 0)': 2, '(2, 5)': 0, '(2, 3)': 2}"], "85": [[3, 5], 1, "{'(3, 5)': 2, '(1, 0)': 2, '(2, 5)': 0, '(2, 3)': 2}"], "86": [[4, 5], 2, "{'(3, 5)': 2, '(1, 0)': 2, '(2, 5)': 0, '(2, 3)': 2}"], "87": [[4, 5], 2, "{'(3, 5)': 2, '(1, 0)': 2, '(2, 5)': 0, '(2, 3)': 2}"], "88": [[4, 6], 1, "{'(3, 5)': 2, '(1, 0)': 2, '(2, 5)': 0, '(2, 3)': 2}"], "89": [[4, 6], 1, "{'(3, 5)': 2, '(1, 0)': 2, '(2, 5)': 0, '(2, 3)': 2}"], "90": [[5, 6], 2, "{'(3, 5)': 2, '(1, 0)': 2, '(2, 5)': 0, '(2, 3)': 2}"], "91": [[6, 6], 2, "{'(3, 5)': 2, '(1, 0)': 2, '(2, 5)': 0, '(2, 3)': 2}"], "92": [[6, 7], 1, "{'(3, 5)': 2, '(1, 0)': 2, '(2, 5)': 0, '(2, 3)': 2}"], "93": [[6, 8], 1, "{'(3, 5)': 2, '(1, 0)': 2, '(2, 5)': 0, '(2, 3)': 2}"], "94": [[6, 8], 1, "{'(3, 5)': 2, '(1, 0)': 2, '(2, 5)': 0, '(2, 3)': 2}"], "95": [[7, 8], 2, "{'(3, 5)': 2, '(1, 0)': 2, '(2, 5)': 0, '(2, 3)': 2}"], "96": [[7, 9], 1, "{'(3, 5)': 2, '(1, 0)': 2, '(2, 5)': 0, '(2, 3)': 2}"], "97": [[8, 9], 2, "{'(3, 5)': 2, '(1, 0)': 2, '(2, 5)': 0, '(2, 3)': 2}"], "98": [[9, 9], 2, "{'(3, 5)': 2, '(1, 0)': 2, '(2, 5)': 0, '(2, 3)': 2}"]}